Ur,avg_h_cm
2.0,1.4528047427112267
2.5,2.9671954814002763
3.0,7.112224194609136
3.2,12.158405244520054
3.4,19.501283021451023
3.6,24.99348085523602
3.8,27.772543354561936
4.0,29.132478795580198
4.2,28.78074120281942
4.4,28.48132936361838
4.6,28.165840592756116
4.8,27.80673475349915
5.0,27.322222200908502
5.2,26.77851260357495
5.4,26.22211658825898
5.6,25.621059297944836
5.8,24.96492086203684
6.0,24.191817946773337
6.5,21.644360012205098
7.0,18.03260257351815
8.0,7.541057081185539
9.0,6.426598752922251
10.0,5.896675644762475
11.0,5.587845274793645
12.0,5.374553051195615
