Ur,CFD,gru_bridge_nd_ctx
4.6327,0.0032680489,0.0068
4.8433,0.0023406537,0.001
5.0539,0.0024218962,0.0014
5.2645,0.0029762634,0.0017
5.4751,0.002718307,0.0019
5.5804,0.0032471744,0.0
5.6856,0.002653741,0.0
5.8962,0.002788025,0.0001
6.0015,0.0032026651,0.0
6.1068,0.0040890165,0.0
6.3174,0.0036208413,0.0001
6.4227,0.0039438806,0.0
6.528,0.008368704,0.0046
6.7385,0.041202344,0.0398
6.8438,0.035163715,0.0062
6.9491,0.02444767,0.0001
7.1597,0.00941608,0.0056
7.265,0.015136447,0.0088
7.3703,0.01719835,0.0091
7.5809,0.012905733,0.0067
7.7914,0.009845187,0.0001
8.002,0.0119999545,0.0001
8.2126,0.059212696,0.0107
8.4232,0.010544343,0.0001
8.6338,0.009551835,0.0001
8.8443,0.011850456,0.0003
9.2655,0.023179881,0.0001
10.1078,0.012280998,0.0
