Ur,f_star_Hz,f_over_fn
2.5,0.09895275006193546,0.4947637503096773
3.0,0.12103973129190662,0.6051986564595331
3.5,0.17430278884478004,0.8715139442239002
4.0,0.19570944674462662,0.978547233723133
4.25,0.20194820622494014,1.0097410311247006
4.5,0.20813875917297117,1.0406937958648559
4.75,0.20639288738376094,1.0319644369188046
5.0,0.20776874435429915,1.0388437217714956
5.25,0.21131597020464038,1.0565798510232018
5.5,0.21431184987735763,1.071559249386788
5.75,0.21815473023325152,1.0907736511662576
6.0,0.2199989523861411,1.0999947619307053
6.25,0.22658039827819507,1.1329019913909752
6.5,0.23673308344862726,1.1836654172431362
7.0,0.2733692763310255,1.3668463816551273
8.0,0.3184230477637468,1.5921152388187338
9.0,0.36066239967522384,1.8033119983761192
10.0,0.611525704809843,3.057628524049215
11.0,0.7983048341799998,3.9915241708999987
12.0,0.8977556109733851,4.488778054866925
