Ur,CFD,gru_bridge_nd_context_noise0.05
4.6327,0.003268048,0.0068
4.8433,0.0023406537,0.001
5.0539,0.002421896,0.0014
5.2645,0.0029762634,0.0017
5.4751,0.002718691,0.0019
5.5804,0.003247174,0.0
5.6856,0.0026537399,0.0
5.8962,0.0027880233,0.0001
6.0015,0.0032026637,0.0
6.1068,0.0040890165,0.0
6.3174,0.0036208406,0.0001
6.4227,0.00394376,0.0
6.528,0.0083687,0.0046
6.7385,0.041202333,0.0398
6.8438,0.035163682,0.0062
6.9491,0.024447627,0.0001
7.1597,0.009411292,0.0056
7.265,0.015136444,0.0088
7.3703,0.01719834,0.0091
7.5809,0.012905721,0.0067
7.7914,0.009845176,0.0001
8.002,0.011999954,0.0001
8.2126,0.059212614,0.0107
8.4232,0.01054434,0.0001
8.6338,0.009551833,0.0001
8.8443,0.01185045,0.0003
9.2655,0.02317987,0.0001
10.1078,0.012280995,0.0
