Ur,CL_amp_CFD,CL_amp_GRU,CL_amp_abs_error,CL_amp_rel_error_pct,ar_r2,split
4.6327,1.1249856,1.0492992,0.075686336,6.7277603,0.9989116787910461,test
4.8433,0.74618083,0.738697,0.00748384,1.0029526,0.9976814389228821,val
5.0539,0.71402526,0.7096168,0.0044084787,0.61741215,0.9994434714317322,train
5.2645,0.7413858,0.7358847,0.0055010915,0.7420012,0.9991177916526794,train
5.4751,0.5039195,0.49531448,0.008605003,1.7076148,0.9994274973869324,test
5.5804,0.7574658,0.7449397,0.012526095,1.6536846,0.9988270401954651,val
5.6856,0.48405483,0.4770975,0.0069573224,1.4373004,0.998680591583252,train
5.8962,0.3996573,0.385649,0.014008313,3.5050812,0.9982442855834961,train
6.0015,0.52235675,0.51231694,0.010039806,1.922021,0.998354434967041,test
6.1068,0.6183391,0.61172986,0.006609261,1.0688732,0.99873286485672,val
6.3174,0.4839102,0.47023505,0.013675153,2.8259692,0.9985260963439941,train
6.4227,0.5701381,0.5554619,0.014676213,2.5741506,0.9983076453208923,train
6.528,0.55388063,0.5404976,0.013383031,2.4162302,0.997366189956665,test
6.7385,0.3225006,0.30534488,0.017155707,5.319589,0.9951439499855042,val
6.8438,0.8504211,0.8226607,0.027760386,3.2643108,0.9977295398712158,train
6.9491,0.592256,0.5871079,0.005148113,0.8692377,0.9979850649833679,train
7.1597,0.64400744,0.6284937,0.015513718,2.4089346,0.999002993106842,test
7.265,0.7023045,0.6858057,0.016498804,2.3492382,0.9983384609222412,val
7.3703,0.5771164,0.5632225,0.013893843,2.4074595,0.9988237023353577,train
7.5809,0.5442327,0.52537477,0.018857956,3.4650536,0.9986104965209961,train
7.7914,0.5221382,0.51515996,0.006978214,1.3364688,0.9980477094650269,test
8.002,0.5461134,0.53533137,0.010782003,1.974316,0.9981876611709595,val
8.2126,0.56932324,0.5516224,0.017700851,3.109104,0.9955146908760071,train
8.4232,0.1669943,0.1589315,0.00806281,4.8281946,0.976261556148529,train
8.6338,0.16426143,0.15489782,0.009363607,5.7004294,0.977245569229126,train
8.8443,0.35562262,0.33813554,0.017487079,4.9173136,0.9968269467353821,train
9.2655,0.45783335,0.44834846,0.009484887,2.0716898,0.9975767135620117,train
10.1078,0.20162147,0.19709866,0.0045228153,2.243221,0.9939782023429871,train
