case,U_mps,Ur,n_samples,dt,t_start,t_end,gru_split,coverage_class,ur_context_z,t_release,handoff_offset_steps,post_release_duration,handoff_time,post_handoff_duration,complete_case,tail_start_time,tail_fraction,mean_h_over_D,ad_rms,ad_half_range,envelope_cv,f_dom_hz,f_over_fn,a_ref_m,a_ref_over_D,a_ref_convention,growth_interval_start,growth_interval_end,growth_cycles,growth_rate_lambda,growth_fit_r2,growth_fit_n_points,growth_mask_n_segments,growth_mask_largest_segment_cycles,growth_mask_time_span,mu_measured,alt_growth_rate_lambda,alt_growth_fit_r2,alt_growth_fit_n_points,alt_growth_interval_start,alt_growth_interval_end,alt_growth_cycles,alt_growth_fit_valid,alt_n_segments_considered,alt_stopped_reason,alt_mu_measured,a_ref_measurement_available,frequency_synchronised,large_response_candidate,tail_stationary,clean_growth_fit,mu_fit_valid,response_regime,measured_v3_reference_eligible,closure_loo_target_eligible,full_hybrid_unseen_target_eligible,exclusion_reason
Ur4.6327,10.99988288,4.6327,149996,0.0019989013671875,0.009999999776482582,300.0,test,context_extrapolation,-1.8349721546711097,13.491052733826928,2000,286.5089472661731,22.492000579833984,277.507999420166,True,188.9980010986328,0.6,0.0007208221923875691,0.002220704724348332,0.003268048192331733,0.3626386410013219,0.12619089993593519,0.3943465622997974,0.016477629054664624,0.002220704724348332,rms_equivalent_peak_sqrt2_std_tail,4.6874237060546875,276.55799865722656,86.998583984375,0.000710688851205604,0.035796987331640606,35,13,11.999804687500001,271.8705749511719,0.017680477102762774,0.0,0.0,1,4.6874237060546875,4.6874237060546875,0.0,False,13,segment_too_short,,True,False,False,False,False,False,non_synchronised,False,False,False,"frequency_synchronised=False: f/fn=0.394 outside [0.90, 1.10]; large_response_candidate=False: ad_rms=0.0022 < required 0.0100; tail_stationary=False: envelope CV=0.363 > max 0.10; clean_growth_fit=False: lam=0.0007, cycles=87.00 (need >= 5.0), r2=0.036 (need >= 0.80); full_hybrid_unseen_target_eligible=False: coverage_class=context_extrapolation (need unseen_interpolation)"
Ur4.8433,11.49993152,4.8433,149996,0.0019989013671875,0.009999999776482582,300.0,validation,context_extrapolation,-1.690332295299808,12.90442466913055,2000,287.09557533086945,21.9060001373291,278.0939998626709,True,188.76199340820312,0.6,0.0013254250656138757,0.0015749211730190572,0.0023406534895019713,0.31001518423216906,0.13491769394830241,0.42161779358844503,0.011685915103801405,0.0015749211730190574,rms_equivalent_peak_sqrt2_std_tail,4.6874237060546875,276.55799865722656,86.998583984375,-0.0008873567493523891,0.12158215318848709,32,15,5.9999023437500005,271.8705749511719,0.01059153749907877,0.0,0.0,1,4.6874237060546875,4.6874237060546875,0.0,False,15,segment_too_short,,True,False,False,False,False,False,non_synchronised,False,False,False,"frequency_synchronised=False: f/fn=0.422 outside [0.90, 1.10]; large_response_candidate=False: ad_rms=0.0016 < required 0.0100; tail_stationary=False: envelope CV=0.310 > max 0.10; clean_growth_fit=False: lam=-0.0009, cycles=87.00 (need >= 5.0), r2=0.122 (need >= 0.80); full_hybrid_unseen_target_eligible=False: coverage_class=context_extrapolation (need unseen_interpolation)"
Ur5.0539,11.99998016,5.0539,149996,0.0019989013671875,0.009999999776482582,300.0,train,trained,-1.5456924359285071,12.366687112922694,2000,287.6333128870773,21.368000030517578,278.6319999694824,True,188.54800415039062,0.6,0.0009113615703857287,0.0015077974744560681,0.0024218961340438,0.3258950335760885,0.31420349777685297,0.9818859305526655,0.011187857260464028,0.0015077974744560684,rms_equivalent_peak_sqrt2_std_tail,4.6874237060546875,281.24542236328125,88.49855957031251,0.00012802497345312366,0.0011872368473191397,48,10,41.99931640625,276.55799865722656,0.00980464758457467,0.10755219121625247,0.8842969146968419,3,4.6874237060546875,14.062271118164062,2.9999511718750003,False,10,below_thresholds,0.0618578623095264,True,True,False,False,False,False,synchronised_modulated,False,False,False,"large_response_candidate=False: ad_rms=0.0015 < required 0.0100; tail_stationary=False: envelope CV=0.326 > max 0.10; clean_growth_fit=False: lam=0.0001, cycles=88.50 (need >= 5.0), r2=0.001 (need >= 0.80); full_hybrid_unseen_target_eligible=False: coverage_class=trained (need unseen_interpolation); gru_split=train (need validation/test)"
Ur5.2645,12.500028799999999,5.2645,149996,0.0019989013671875,0.009999999776482582,300.0,train,trained,-1.4010525765572055,11.871972646975022,2000,288.128027353025,20.871999740600586,279.1280002593994,True,188.35000610351562,0.6,0.0007104863039833068,0.0018424801825156559,0.0029762633235226425,0.4237370433849544,0.09857455129802167,0.3080454728063177,0.013671202954266166,0.0018424801825156559,rms_equivalent_peak_sqrt2_std_tail,4.6874237060546875,281.24542236328125,88.49855957031251,0.0008944881232662704,0.07138019524073824,36,15,16.4997314453125,276.55799865722656,0.01145981976265925,0.05554435517863057,1.0,2,4.6874237060546875,9.374847412109375,1.4999755859375001,False,15,below_thresholds,0.041281596653583434,True,False,False,False,False,False,non_synchronised,False,False,False,"frequency_synchronised=False: f/fn=0.308 outside [0.90, 1.10]; large_response_candidate=False: ad_rms=0.0018 < required 0.0100; tail_stationary=False: envelope CV=0.424 > max 0.10; clean_growth_fit=False: lam=0.0009, cycles=88.50 (need >= 5.0), r2=0.071 (need >= 0.80); full_hybrid_unseen_target_eligible=False: coverage_class=trained (need unseen_interpolation); gru_split=train (need validation/test)"
Ur5.4751,13.00007744,5.4751,85718,0.0019989013671875,0.009999999776482582,171.44400024414062,test,unseen_interpolation,-1.2564127171859039,11.41531661522164,2000,160.028683628919,20.416000366210938,151.0279998779297,True,111.03399658203125,0.6,0.00058315772903163,0.002132496507537332,0.003139379577374844,0.35809291693563705,0.31467991041666565,0.9833747200520802,0.015823124085927,0.0021324965075373314,rms_equivalent_peak_sqrt2_std_tail,4.6874237060546875,154.6849822998047,47.999218750000004,0.0007240963722072215,0.045311562089776936,11,8,2.9999511718750003,149.99755859375,0.01216341043388964,0.0,0.0,1,4.6874237060546875,4.6874237060546875,0.0,False,8,segment_too_short,,True,True,False,False,False,False,synchronised_modulated,False,False,False,"large_response_candidate=False: ad_rms=0.0021 < required 0.0100; tail_stationary=False: envelope CV=0.358 > max 0.10; clean_growth_fit=False: lam=0.0007, cycles=48.00 (need >= 5.0), r2=0.045 (need >= 0.80)"
Ur5.5804,13.25010176,5.5804,149996,0.0019989013671875,0.009999999776482582,300.0,validation,unseen_interpolation,-1.1840927875002534,11.199913984660599,2000,288.8000860153394,20.200000762939453,279.79999923706055,True,188.0800018310547,0.6,0.0009426018096912874,0.0018324262886455708,0.003247174015143168,0.3144502678089507,0.3128896610248331,0.9777801907026035,0.013596603061750135,0.0018324262886455708,rms_equivalent_peak_sqrt2_std_tail,4.6874237060546875,281.24542236328125,88.49855957031251,0.000342488929219052,0.007204083922151883,16,11,2.9999511718750003,276.55799865722656,0.009876817170176754,0.0,0.0,1,4.6874237060546875,4.6874237060546875,0.0,False,11,segment_too_short,,True,True,False,False,False,False,synchronised_modulated,False,False,False,"large_response_candidate=False: ad_rms=0.0018 < required 0.0100; tail_stationary=False: envelope CV=0.314 > max 0.10; clean_growth_fit=False: lam=0.0003, cycles=88.50 (need >= 5.0), r2=0.007 (need >= 0.80)"
Ur5.6856,13.49988864,5.6856,149996,0.0019989013671875,0.009999999776482582,300.0,train,trained,-1.1118415377098407,10.992683270015478,2000,289.0073167299845,19.993999481201172,280.0060005187988,True,187.9980010986328,0.6,0.0013155023785424316,0.00160102380560332,0.0026537399146595413,0.2914078809200676,0.151863714790993,0.4745741087218531,0.011879596637576635,0.00160102380560332,rms_equivalent_peak_sqrt2_std_tail,4.6874237060546875,271.8705749511719,85.4986083984375,-0.00040749954727857356,0.023561148221244443,13,9,2.9999511718750003,267.1831512451172,0.00800826521897704,0.0,0.0,1,4.6874237060546875,4.6874237060546875,0.0,False,9,segment_too_short,,True,False,False,False,False,False,non_synchronised,False,False,False,"frequency_synchronised=False: f/fn=0.475 outside [0.90, 1.10]; large_response_candidate=False: ad_rms=0.0016 < required 0.0100; tail_stationary=False: envelope CV=0.291 > max 0.10; clean_growth_fit=False: lam=-0.0004, cycles=85.50 (need >= 5.0), r2=0.024 (need >= 0.80); full_hybrid_unseen_target_eligible=False: coverage_class=trained (need unseen_interpolation); gru_split=train (need validation/test)"
Ur5.8962,13.999937280000001,5.8962,149996,0.0019989013671875,0.009999999776482582,300.0,train,trained,-0.9672016783385392,10.600047488212747,2000,289.39995251178726,19.601999282836914,280.3980007171631,True,187.8419952392578,0.6,0.0007367543201640537,0.0015725608828308748,0.0027880233253108843,0.14438817105959545,0.17841469656216308,0.5575459267567596,0.01166840175060509,0.0015725608828308748,rms_equivalent_peak_sqrt2_std_tail,4.6874237060546875,229.6837615966797,71.998828125,-1.120583159821123e-05,1.5019994220710764e-05,16,9,2.9999511718750003,224.996337890625,0.007461164755887342,0.0,0.0,1,4.6874237060546875,4.6874237060546875,0.0,False,9,segment_too_short,,True,False,False,False,False,False,non_synchronised,False,False,False,"frequency_synchronised=False: f/fn=0.558 outside [0.90, 1.10]; large_response_candidate=False: ad_rms=0.0016 < required 0.0100; tail_stationary=False: envelope CV=0.144 > max 0.10; clean_growth_fit=False: lam=-0.0000, cycles=72.00 (need >= 5.0), r2=0.000 (need >= 0.80); full_hybrid_unseen_target_eligible=False: coverage_class=trained (need unseen_interpolation); gru_split=train (need validation/test)"
Ur6.0015,14.249961599999999,6.0015,149996,0.0019989013671875,0.009999999776482582,300.0,test,unseen_interpolation,-0.8948817486528887,10.414063150878949,2000,289.585936849121,19.416000366210938,280.58399963378906,True,187.76600646972656,0.6,0.0007930101404505252,0.001730669128158644,0.0032026636994109963,0.20884288211133942,0.169379189815136,0.5293099681723,0.012841564930937138,0.0017306691281586439,rms_equivalent_peak_sqrt2_std_tail,18.74969482421875,281.24542236328125,83.9986328125,0.0014139122099290316,0.1559609950097992,22,6,16.4997314453125,262.4957275390625,0.00848779061503119,0.0005951766858200825,0.0005822154645849231,4,18.74969482421875,32.81196594238281,4.4999267578125,False,6,below_thresholds,0.008164871389709923,True,False,False,False,False,False,non_synchronised,False,False,False,"frequency_synchronised=False: f/fn=0.529 outside [0.90, 1.10]; large_response_candidate=False: ad_rms=0.0017 < required 0.0100; tail_stationary=False: envelope CV=0.209 > max 0.10; clean_growth_fit=False: lam=0.0014, cycles=84.00 (need >= 5.0), r2=0.156 (need >= 0.80)"
Ur6.1068,14.499985919999999,6.1068,149996,0.0019989013671875,0.009999999776482582,300.0,validation,unseen_interpolation,-0.8225618189672382,10.234492696666013,2000,289.765507303334,19.236000061035156,280.76399993896484,True,187.69400024414062,0.6,0.00041256299849271304,0.002223847685700278,0.004089016572765584,0.14532905178198416,0.3118142664923369,0.9744195827885528,0.01650094982789606,0.002223847685700278,rms_equivalent_peak_sqrt2_std_tail,42.18681335449219,234.37118530273438,61.4989990234375,-0.0012470770081928718,0.07841913228249064,21,6,17.99970703125,192.1843719482422,0.00923112894739097,0.006961497490980053,0.2794665249735735,3,42.18681335449219,51.56166076660156,2.9999511718750003,False,6,below_thresholds,0.013249048439346751,True,True,False,False,False,False,synchronised_modulated,False,False,False,"large_response_candidate=False: ad_rms=0.0022 < required 0.0100; tail_stationary=False: envelope CV=0.145 > max 0.10; clean_growth_fit=False: lam=-0.0012, cycles=61.50 (need >= 5.0), r2=0.078 (need >= 0.80)"
Ur6.3174,15.000034560000001,6.3174,149996,0.0019989013671875,0.009999999776482582,300.0,train,trained,-0.6779219595959366,9.893310539145851,2000,290.10668946085417,18.893999099731445,281.10600090026855,True,187.55799865722656,0.6,0.0008129781172965418,0.0021979529865282276,0.0038089113927514085,0.20018212714902978,0.3114371299599923,0.9732410311249758,0.01630881116003945,0.0021979529865282276,rms_equivalent_peak_sqrt2_std_tail,4.6874237060546875,276.55799865722656,86.998583984375,0.0005261801476227687,0.0466889169804422,12,6,5.9999023437500005,271.8705749511719,0.009327100827526155,0.11841285831775612,1.0,2,4.6874237060546875,9.374847412109375,1.4999755859375001,False,6,below_thresholds,0.06261912528613582,True,True,False,False,False,False,synchronised_modulated,False,False,False,"large_response_candidate=False: ad_rms=0.0022 < required 0.0100; tail_stationary=False: envelope CV=0.200 > max 0.10; clean_growth_fit=False: lam=0.0005, cycles=87.00 (need >= 5.0), r2=0.047 (need >= 0.80); full_hybrid_unseen_target_eligible=False: coverage_class=trained (need unseen_interpolation); gru_split=train (need validation/test)"
Ur6.4227,15.250058880000001,6.4227,126526,0.0019989013671875,0.009999999776482582,253.05999755859375,train,trained,-0.6056020299102861,9.731109969327541,2000,243.3288875892662,18.73200035095215,234.3279972076416,True,159.3300018310547,0.6,0.0003460761888444643,0.002246576595614597,0.004014989858207034,0.2646785611374175,0.20281699684303764,0.6338031151344926,0.016669598339460308,0.002246576595614597,rms_equivalent_peak_sqrt2_std_tail,4.6874237060546875,89.06105041503906,26.999560546875,0.0011557442637915847,0.051213672711896696,4,3,1.4999755859375001,84.37362670898438,0.009504836050426185,0.0,0.0,1,4.6874237060546875,4.6874237060546875,0.0,False,3,segment_too_short,,True,False,False,False,False,False,non_synchronised,False,False,False,"frequency_synchronised=False: f/fn=0.634 outside [0.90, 1.10]; large_response_candidate=False: ad_rms=0.0022 < required 0.0100; tail_stationary=False: envelope CV=0.265 > max 0.10; clean_growth_fit=False: lam=0.0012, cycles=27.00 (need >= 5.0), r2=0.051 (need >= 0.80); full_hybrid_unseen_target_eligible=False: coverage_class=trained (need unseen_interpolation); gru_split=train (need validation/test)"
Ur6.528,15.500083199999997,6.528,136703,0.0019989013671875,0.009999999776482582,273.41400146484375,test,unseen_interpolation,-0.5332821002246355,9.574142156862747,2000,263.839859307981,18.576000213623047,254.8380012512207,True,171.47999572753906,0.6,-9.72752791679983e-05,0.0050646885389256675,0.00836869972855897,0.2995890625699884,0.2944640612699961,0.9202001914687378,0.03757998895882845,0.005064688538925667,rms_equivalent_peak_sqrt2_std_tail,4.6874237060546875,206.24664306640625,64.4989501953125,0.0003477309578501925,0.0049887811410666005,34,4,34.4994384765625,201.55921936035156,0.019953768518940318,0.04975679113173479,0.9849578728771241,3,4.6874237060546875,14.062271118164062,2.9999511718750003,False,4,below_thresholds,0.06815463952542197,True,True,False,False,False,False,synchronised_modulated,False,False,False,"large_response_candidate=False: ad_rms=0.0051 < required 0.0100; tail_stationary=False: envelope CV=0.300 > max 0.10; clean_growth_fit=False: lam=0.0003, cycles=64.50 (need >= 5.0), r2=0.005 (need >= 0.80)"
Ur6.7385,15.9998944,6.7385,127609,0.0019989013671875,0.009999999776482582,255.2259979248047,validation,unseen_interpolation,-0.38871092074857183,9.27506121540402,2000,245.95093670940068,18.275999069213867,236.94999885559082,True,160.4459991455078,0.6,-7.728011206981906e-05,0.039982178407318124,0.041629094881510155,0.023407420643027803,0.3166897570173484,0.9896554906792138,0.2966677637823005,0.039982178407318124,rms_equivalent_peak_sqrt2_std_tail,4.6874237060546875,32.81196594238281,8.999853515625,0.051068685525641894,0.8982349879317433,7,1,8.999853515625,28.124542236328125,0.514425588972094,0.051068685525641894,0.8982349879317433,7,4.6874237060546875,32.81196594238281,8.999853515625,True,1,ok,0.514425588972094,True,True,True,True,True,True,synchronised_stationary,True,False,True,
Ur6.8438,16.24991872,6.8438,116983,0.0019989013671875,0.009999999776482582,233.9739990234375,train,trained,-0.3163909910629213,9.132353370934277,2000,224.84164565250322,18.134000778198242,215.83999824523926,True,147.63800048828125,0.6,0.0004756760185365987,0.021536219118460417,0.03605622727915926,0.6507325954973855,0.3244850391829449,1.0140157474467029,0.1597987458589763,0.021536219118460417,rms_equivalent_peak_sqrt2_std_tail,4.6874237060546875,215.62149047851562,67.4989013671875,-0.0010757152105787282,0.04805816504233984,18,2,11.999804687500001,210.93406677246094,0.07182578409352956,0.07991176313323768,0.9367322375604221,5,4.6874237060546875,23.437118530273438,5.9999023437500005,True,2,ok,0.3774927885362664,True,True,True,False,False,False,synchronised_modulated,False,False,False,"tail_stationary=False: envelope CV=0.651 > max 0.10; clean_growth_fit=False: lam=-0.0011, cycles=67.50 (need >= 5.0), r2=0.048 (need >= 0.80); full_hybrid_unseen_target_eligible=False: coverage_class=trained (need unseen_interpolation); gru_split=train (need validation/test)"
Ur6.9491,16.499943039999998,6.9491,98750,0.0019989013671875,0.009999999776482582,197.50799560546875,train,trained,-0.2440710613772708,8.99397044221554,2000,188.51402516325322,17.993999481201172,179.51399612426758,True,125.7020034790039,0.6,0.000500266216895313,0.014206743049615566,0.024447629273419754,0.3051676451258636,0.3204746159393667,1.0014831748105208,0.10541403342814751,0.014206743049615568,rms_equivalent_peak_sqrt2_std_tail,4.6874237060546875,149.99755859375,46.4992431640625,0.0013451290963625638,0.03302233961826928,21,5,10.4998291015625,145.3101348876953,0.0518020931124311,0.10249962379080764,0.9995764926187898,3,4.6874237060546875,14.062271118164062,2.9999511718750003,False,5,below_thresholds,0.296076759891592,True,True,True,False,False,False,synchronised_modulated,False,False,False,"tail_stationary=False: envelope CV=0.305 > max 0.10; clean_growth_fit=False: lam=0.0013, cycles=46.50 (need >= 5.0), r2=0.033 (need >= 0.80); full_hybrid_unseen_target_eligible=False: coverage_class=trained (need unseen_interpolation); gru_split=train (need validation/test)"
Ur7.1597,16.99999168,7.1597,12533,0.0019998550415039062,0.009999999776482582,25.073999404907227,test,unseen_interpolation,-0.09943120200596918,8.729416036984789,2000,16.34458336792244,17.729999542236328,7.343999862670898,False,22.13599967956543,0.6,0.0007122390073737336,0.0030441818757784844,0.004940649439302095,,0.34016070901417317,1.063002215669291,0.022587829518276353,0.0030441818757784844,rms_equivalent_peak_sqrt2_std_tail,0.0,0.0,0.0,0.0,0.0,0,0,0.0,0.0,0.009800915250723906,0.0,0.0,0,0.0,0.0,0.0,False,0,no_mask_samples,,False,False,False,False,False,False,incomplete,False,False,False,"incomplete CFD record: only 12533 samples (16.3s post-release, dt=0.0020s) < required 60s post-release duration"
Ur7.265,17.250016,7.265,64142,0.0019989013671875,0.009999999776482582,128.29200744628906,validation,unseen_interpolation,-0.02711127232031867,8.602890571231935,2000,119.68911687505712,17.604000091552734,110.68800735473633,True,84.01799774169922,0.6,0.000729150027800306,0.008989956099650085,0.015136443901897442,0.24974263994577114,0.3389701932154928,1.059281853798415,0.06670547425940364,0.008989956099650085,rms_equivalent_peak_sqrt2_std_tail,4.6874237060546875,74.998779296875,22.4996337890625,-0.0009524311621249171,0.11556890047625346,7,5,1.4999755859375001,70.31135559082031,0.02677911732351452,0.0,0.0,1,4.6874237060546875,4.6874237060546875,0.0,False,5,segment_too_short,,True,True,False,False,False,False,synchronised_modulated,False,False,False,"large_response_candidate=False: ad_rms=0.0090 < required 0.0100; tail_stationary=False: envelope CV=0.250 > max 0.10; clean_growth_fit=False: lam=-0.0010, cycles=22.50 (need >= 5.0), r2=0.116 (need >= 0.80)"
Ur7.3703,17.50004032,7.3703,98290,0.0019989013671875,0.009999999776482582,196.58799743652344,train,trained,0.045208657365332444,8.479980462125015,2000,188.10801697439842,17.479999542236328,179.1079978942871,True,124.94599914550781,0.6,0.00045487889414618546,0.00948937978967705,0.017198340369845338,0.3239044065588063,0.307242638644596,0.9601332457643624,0.07041119803940372,0.009489379789677052,rms_equivalent_peak_sqrt2_std_tail,4.6874237060546875,173.43467712402344,53.99912109375,0.0012172193063298843,0.03752576343914171,19,4,11.999804687500001,168.74725341796875,0.030575955872495023,0.0,0.0,1,4.6874237060546875,4.6874237060546875,0.0,False,4,segment_too_short,,True,True,False,False,False,False,synchronised_modulated,False,False,False,"large_response_candidate=False: ad_rms=0.0095 < required 0.0100; tail_stationary=False: envelope CV=0.324 > max 0.10; clean_growth_fit=False: lam=0.0012, cycles=54.00 (need >= 5.0), r2=0.038 (need >= 0.80); full_hybrid_unseen_target_eligible=False: coverage_class=trained (need unseen_interpolation); gru_split=train (need validation/test)"
Ur7.5809,18.00008896,7.5809,117413,0.0019989013671875,0.009999999776482582,234.83399963378906,train,trained,0.18984851673663344,8.244403698769275,2000,226.5895959350198,17.246000289916992,217.58799934387207,True,147.8000030517578,0.6,0.0005683264191672383,0.009055392673330618,0.020992239771506216,0.2770871066802793,0.33337858967895706,1.0418080927467408,0.06719101363611318,0.009055392673330618,rms_equivalent_peak_sqrt2_std_tail,4.6874237060546875,220.3089141845703,68.998876953125,-0.00040273955911390583,0.026068746233412043,18,7,7.4998779296875,215.62149047851562,0.025483785745096688,0.02477917500463802,1.0,2,4.6874237060546875,9.374847412109375,1.4999755859375001,False,7,below_thresholds,0.058053229364399064,True,True,False,False,False,False,synchronised_modulated,False,False,False,"large_response_candidate=False: ad_rms=0.0091 < required 0.0100; tail_stationary=False: envelope CV=0.277 > max 0.10; clean_growth_fit=False: lam=-0.0004, cycles=69.00 (need >= 5.0), r2=0.026 (need >= 0.80); full_hybrid_unseen_target_eligible=False: coverage_class=trained (need unseen_interpolation); gru_split=train (need validation/test)"
Ur7.7914,18.499900160000003,7.7914,112106,0.0019989013671875,0.009999999776482582,224.22000122070312,test,unseen_interpolation,0.3344196962126972,8.021664912595938,2000,216.19833630810717,17.02199935913086,207.19800186157227,True,141.3419952392578,0.6,0.00012574192577093595,0.006074320033538415,0.009845176114226287,0.17355312388628363,0.338023519702909,1.0563234990715906,0.04507145464885504,0.006074320033538415,rms_equivalent_peak_sqrt2_std_tail,4.6874237060546875,206.24664306640625,64.4989501953125,0.00140196423966698,0.16144296694271432,33,5,26.999560546875,201.55921936035156,0.017665490951359115,0.12839013186063425,1.0,2,4.6874237060546875,9.374847412109375,1.4999755859375001,False,5,below_thresholds,0.12196584094491128,True,True,False,False,False,False,synchronised_modulated,False,False,False,"large_response_candidate=False: ad_rms=0.0061 < required 0.0100; tail_stationary=False: envelope CV=0.174 > max 0.10; clean_growth_fit=False: lam=0.0014, cycles=64.50 (need >= 5.0), r2=0.161 (need >= 0.80)"
Ur8.002,18.999948800000002,8.002,123824,0.0019989013671875,0.009999999776482582,247.656005859375,validation,unseen_interpolation,0.4790595555839988,7.81054736315921,2000,239.8454584962158,16.812000274658203,230.8440055847168,True,155.3179931640625,0.6,-0.00041563979094861654,0.006899635892765108,0.011999952805170794,0.2664884665951696,0.3142293581470404,0.9819667442095013,0.0511952983243171,0.006899635892765108,rms_equivalent_peak_sqrt2_std_tail,4.6874237060546875,173.43467712402344,53.99912109375,-0.00017904702939646602,0.32060122219477283,4,3,1.4999755859375001,168.74725341796875,0.017625036379744868,-0.002134638557305713,1.0,2,4.6874237060546875,9.374847412109375,1.4999755859375001,False,3,below_thresholds,0.015895367118345584,True,True,False,False,False,False,synchronised_modulated,False,False,False,"large_response_candidate=False: ad_rms=0.0069 < required 0.0100; tail_stationary=False: envelope CV=0.266 > max 0.10; clean_growth_fit=False: lam=-0.0002, cycles=54.00 (need >= 5.0), r2=0.321 (need >= 0.80)"
Ur8.2126,19.49999744,8.2126,149996,0.0019989013671875,0.009999999776482582,300.0,train,trained,0.6236994149552998,7.610257409346613,2000,292.3897425906534,16.61199951171875,283.38800048828125,True,186.64599609375,0.6,-0.0004396389824155739,0.04078646557405687,0.059212615708456526,0.3310844391318215,0.31775809184817727,0.992994037025554,0.302635574559502,0.04078646557405688,rms_equivalent_peak_sqrt2_std_tail,4.6874237060546875,220.3089141845703,68.998876953125,-0.0011121141039137222,0.013518603375010096,38,4,32.999462890625,215.62149047851562,0.09428200501984504,0.07671813290501277,0.9653352298980526,4,4.6874237060546875,18.74969482421875,4.4999267578125,False,4,below_thresholds,0.48061249179489884,True,True,True,False,False,False,synchronised_modulated,False,False,False,"tail_stationary=False: envelope CV=0.331 > max 0.10; clean_growth_fit=False: lam=-0.0011, cycles=69.00 (need >= 5.0), r2=0.014 (need >= 0.80); full_hybrid_unseen_target_eligible=False: coverage_class=trained (need unseen_interpolation); gru_split=train (need validation/test)"
Ur8.4232,20.00004608,8.4232,149996,0.0019989013671875,0.009999999776482582,300.0,train,trained,0.7683392743266009,7.419982904359388,2000,292.5800170956406,16.420000076293945,283.57999992370605,True,186.5679931640625,0.6,-7.946505223949103e-05,0.0074537754147844726,0.011973070467739414,0.5223659608440949,0.31753959359223854,0.9923112299757454,0.05530701357770078,0.007453775414784472,rms_equivalent_peak_sqrt2_std_tail,4.6874237060546875,285.93284606933594,89.99853515625,-0.0007609554902637554,0.02277455633856873,38,5,22.4996337890625,281.24542236328125,0.016682148589405543,0.0,0.0,1,4.6874237060546875,4.6874237060546875,0.0,False,5,segment_too_short,,True,True,False,False,False,False,synchronised_modulated,False,False,False,"large_response_candidate=False: ad_rms=0.0075 < required 0.0100; tail_stationary=False: envelope CV=0.522 > max 0.10; clean_growth_fit=False: lam=-0.0008, cycles=90.00 (need >= 5.0), r2=0.023 (need >= 0.80); full_hybrid_unseen_target_eligible=False: coverage_class=trained (need unseen_interpolation); gru_split=train (need validation/test)"
Ur8.6338,20.500094720000003,8.6338,149996,0.0019989013671875,0.009999999776482582,300.0,train,trained,0.9129791336979031,7.238990942574532,2000,292.76100905742544,16.239999771118164,283.76000022888184,True,186.49600219726562,0.6,4.0245894575333784e-05,0.005384360325982153,0.009551833602135393,0.3761839857508834,0.3173381694319418,0.9916817794748182,0.039951953618787575,0.005384360325982153,rms_equivalent_peak_sqrt2_std_tail,4.6874237060546875,285.93284606933594,89.99853515625,0.00037508949360173983,0.015540016371161647,19,7,7.4998779296875,281.24542236328125,0.012143479286634675,0.033806416972444915,0.5822211569397149,6,4.6874237060546875,28.124542236328125,7.4998779296875,False,7,below_thresholds,0.03196512049627702,True,True,False,False,False,False,synchronised_modulated,False,False,False,"large_response_candidate=False: ad_rms=0.0054 < required 0.0100; tail_stationary=False: envelope CV=0.376 > max 0.10; clean_growth_fit=False: lam=0.0004, cycles=90.00 (need >= 5.0), r2=0.016 (need >= 0.80); full_hybrid_unseen_target_eligible=False: coverage_class=trained (need unseen_interpolation); gru_split=train (need validation/test)"
Ur8.8443,20.999905920000003,8.8443,149996,0.0019989013671875,0.009999999776482582,300.0,train,trained,1.0575503131739663,7.066698325475164,2000,292.93330167452484,16.06800079345703,283.93199920654297,True,186.42799377441406,0.6,-0.00013408112152949635,0.008815771409772917,0.012395672018155255,0.2092744760789669,0.3171481699996653,0.991088031248954,0.06541302386051505,0.008815771409772917,rms_equivalent_peak_sqrt2_std_tail,4.6874237060546875,285.93284606933594,89.99853515625,0.0015228322087842041,0.22024615389908986,30,2,29.99951171875,281.24542236328125,0.020009036556291094,0.04589301517967301,0.8173014281418487,4,4.6874237060546875,18.74969482421875,4.4999267578125,False,2,below_thresholds,0.06105594482898158,True,True,False,False,False,False,synchronised_modulated,False,False,False,"large_response_candidate=False: ad_rms=0.0088 < required 0.0100; tail_stationary=False: envelope CV=0.209 > max 0.10; clean_growth_fit=False: lam=0.0015, cycles=90.00 (need >= 5.0), r2=0.220 (need >= 0.80); full_hybrid_unseen_target_eligible=False: coverage_class=trained (need unseen_interpolation); gru_split=train (need validation/test)"
Ur9.2655,22.0000032,9.2655,149996,0.0019989013671875,0.009999999776482582,300.0,train,trained,1.3468300319165682,6.745453564297664,2000,293.2545464357023,15.746000289916992,284.253999710083,True,186.29800415039062,0.6,-3.911640797536401e-05,0.01522468072353901,0.023179870811755446,0.2537895328760982,0.31678556831370913,0.989954900980341,0.11296713096865946,0.01522468072353901,rms_equivalent_peak_sqrt2_std_tail,4.6874237060546875,215.62149047851562,67.4989013671875,0.0022182935590620754,0.38905085947623685,25,4,11.999804687500001,210.93406677246094,0.032497338466258796,0.012168820372791652,0.31885536152768046,9,4.6874237060546875,42.18681335449219,11.999804687500001,False,4,below_thresholds,0.04698213466412251,True,True,True,False,False,False,synchronised_modulated,False,False,False,"tail_stationary=False: envelope CV=0.254 > max 0.10; clean_growth_fit=False: lam=0.0022, cycles=67.50 (need >= 5.0), r2=0.389 (need >= 0.80); full_hybrid_unseen_target_eligible=False: coverage_class=trained (need unseen_interpolation); gru_split=train (need validation/test)"
Ur10.1078,23.99996032,10.1078,149996,0.0019989013671875,0.009999999776482582,300.0,train,trained,1.9253207895065356,6.183343556461347,2000,293.81665644353865,15.184000015258789,284.8159999847412,True,186.07400512695312,0.6,-0.0006397859131253442,0.008829875789127419,0.014939978517933356,0.3289094798939429,0.31616271908171817,0.9880084971303693,0.06551767835532545,0.008829875789127419,rms_equivalent_peak_sqrt2_std_tail,4.6874237060546875,281.24542236328125,88.49855957031251,0.0009889879999091865,0.04015662408541398,44,7,13.4997802734375,276.55799865722656,0.014965127164038292,0.024412213537265377,0.8460402493023396,6,4.6874237060546875,28.124542236328125,7.4998779296875,True,7,ok,0.03158179184413265,True,True,False,False,False,False,synchronised_modulated,False,False,False,"large_response_candidate=False: ad_rms=0.0088 < required 0.0100; tail_stationary=False: envelope CV=0.329 > max 0.10; clean_growth_fit=False: lam=0.0010, cycles=88.50 (need >= 5.0), r2=0.040 (need >= 0.80); full_hybrid_unseen_target_eligible=False: coverage_class=trained (need unseen_interpolation); gru_split=train (need validation/test)"
