1	10.999883	4.6327	Ur4.6327	149996
2	11.499932	4.8433	Ur4.8433	149996
3	11.999980	5.0539	Ur5.0539	149996
4	12.500029	5.2645	Ur5.2645	149996
5	13.000077	5.4751	Ur5.4751	85718
6	13.250102	5.5804	Ur5.5804	149996
7	13.499889	5.6856	Ur5.6856	149996
8	13.999937	5.8962	Ur5.8962	149996
9	14.249962	6.0015	Ur6.0015	149996
10	14.499986	6.1068	Ur6.1068	149996
11	15.000035	6.3174	Ur6.3174	149996
12	15.250059	6.4227	Ur6.4227	126526
13	15.500083	6.5280	Ur6.528	136703
14	15.999894	6.7385	Ur6.7385	127609
15	16.249919	6.8438	Ur6.8438	116983
16	16.499943	6.9491	Ur6.9491	98750
17	17.250016	7.2650	Ur7.265	64142
18	17.500040	7.3703	Ur7.3703	98290
19	18.000089	7.5809	Ur7.5809	117413
20	18.499900	7.7914	Ur7.7914	112106
21	18.999949	8.0020	Ur8.002	123824
22	19.499997	8.2126	Ur8.2126	149996
23	20.000046	8.4232	Ur8.4232	149996
24	20.500095	8.6338	Ur8.6338	149996
25	20.999906	8.8443	Ur8.8443	149996
26	22.000003	9.2655	Ur9.2655	149996
27	23.999960	10.1078	Ur10.1078	149996
