Ur,CL_amp_CFD,CL_amp_GRU,ar_r2,split
2.0,2.7960166e-05,2.338551e-05,0.9728784561157227,test
2.5,6.1215833e-06,4.4656917e-06,0.990520179271698,val
3.0,8.508563e-06,7.312745e-06,0.9938934445381165,train
3.5,6.2054023e-06,4.9513765e-06,0.9968680143356323,train
4.0,6.077811e-06,5.7131983e-06,0.9976887702941895,train
4.25,1.5553087e-07,5.727634e-08,0.9969894886016846,val
4.5,2.2402965e-06,1.8756837e-06,0.9962586760520935,train
4.75,0.004588674,0.004621633,0.9973883628845215,test
5.0,1.42475,1.4258268,0.9999716877937317,train
5.25,2.059454,1.9570577,0.9993231892585754,val
5.5,2.1222677,1.9766984,0.9986246824264526,test
5.75,1.9280624,1.9242965,0.9999754428863525,train
6.0,1.6558013,1.6573129,0.9999721050262451,train
6.25,1.3822415,1.3827155,0.9999514818191528,train
6.5,1.1319013,1.1301533,0.9998893737792969,val
7.0,0.73370755,0.7341786,0.9995005130767822,test
8.0,0.23454371,0.23578933,0.9798756837844849,train
9.0,0.12016712,0.12342688,0.7712039947509766,val
10.0,0.26751125,0.26873422,0.9225053787231445,train
11.0,0.36744338,0.36749414,0.953214704990387,test
12.0,0.43509442,0.43481463,0.9647535085678101,train
