arm,seed_label,direction,seed_ratio,seed_ad,ad_final,tail_cv,ad_range,ad_rms,f_dominant,fft_bin,cfd_ad,cfd_f,amp_error_frac,freq_error_hz,amplitude_pass,stationary_pass,frequency_pass,direction_pass,individual_pass,path
dim_context,below_040,from_below,0.4,0.1401488,0.35010452141760745,0.015394794660251912,0.3514792211353779,0.35018166267269296,0.21428571428571427,0.0035714285714285713,0.350372,0.216406,0.0007634131220319154,0.0021202857142857134,True,True,True,True,True,results/gate3_attractor_Ur5.5_dim_context_below_040.npz
dim_context,below_055,from_below,0.55,0.1927046,0.34988514214402294,0.015457083764137899,0.35148682072758675,0.350006459123794,0.21428571428571427,0.0035714285714285713,0.350372,0.216406,0.0013895455572279583,0.0021202857142857134,True,True,True,True,True,results/gate3_attractor_Ur5.5_dim_context_below_055.npz
dim_context,below_070,from_below,0.7,0.2452604,0.3497146273465557,0.01540728387157404,0.35138487815856934,0.3499955191764222,0.21428571428571427,0.0035714285714285713,0.350372,0.216406,0.001876213434419256,0.0021202857142857134,True,True,True,True,True,results/gate3_attractor_Ur5.5_dim_context_below_070.npz
dim_context,above_130,from_above,1.3,0.4554836,0.34949154047705094,0.01549656741627442,0.3510987013578415,0.3500268885361518,0.21428571428571427,0.0035714285714285713,0.350372,0.216406,0.002512927753784757,0.0021202857142857134,True,True,True,True,True,results/gate3_attractor_Ur5.5_dim_context_above_130.npz
dim_context,above_150,from_above,1.5,0.525558,0.34946477120449154,0.015568681649328729,0.3513597883284092,0.3500776913373657,0.21428571428571427,0.0035714285714285713,0.350372,0.216406,0.002589330184799226,0.0021202857142857134,True,True,True,True,True,results/gate3_attractor_Ur5.5_dim_context_above_150.npz
nd_nocontext,below_040,from_below,0.4,0.1401488,0.3536010714291007,0.015693874038297483,0.35489775240421295,0.35460655738076513,0.21428571428571427,0.0035714285714285713,0.350372,0.216406,0.009216122946755653,0.0021202857142857134,True,True,True,True,True,results/gate3_attractor_Ur5.5_nd_nocontext_below_040.npz
nd_nocontext,below_055,from_below,0.55,0.1927046,0.35348087884703655,0.015518920213866328,0.35494541749358177,0.3544121661416526,0.21428571428571427,0.0035714285714285713,0.350372,0.216406,0.008873080174889927,0.0021202857142857134,True,True,True,True,True,results/gate3_attractor_Ur5.5_nd_nocontext_below_055.npz
nd_nocontext,below_070,from_below,0.7,0.2452604,0.35376659407416156,0.015322116747135465,0.3551435098052025,0.35444239764548535,0.21428571428571427,0.0035714285714285713,0.350372,0.216406,0.009688542675104,0.0021202857142857134,True,True,True,True,True,results/gate3_attractor_Ur5.5_nd_nocontext_below_070.npz
nd_nocontext,above_130,from_above,1.3,0.4554836,2.542264422989326,0.010750123948744226,2.5850896537303925,2.545225127993465,0.19999999999999998,0.0035714285714285713,0.350372,0.216406,6.255900651277288,0.016406000000000004,False,True,False,False,False,results/gate3_attractor_Ur5.5_nd_nocontext_above_130.npz
nd_nocontext,above_150,from_above,1.5,0.525558,2.565872796634015,0.008821685756230718,2.5920550525188446,2.568198519749403,0.19999999999999998,0.0035714285714285713,0.350372,0.216406,6.3232815311555,0.016406000000000004,False,True,False,False,False,results/gate3_attractor_Ur5.5_nd_nocontext_above_150.npz
nd_context,below_040,from_below,0.4,0.1401488,0.3524555420192796,0.015810580115942666,0.3535090386867523,0.35291528835568853,0.21428571428571427,0.0035714285714285713,0.350372,0.216406,0.005946656751337355,0.0021202857142857134,True,True,True,True,True,results/gate3_attractor_Ur5.5_nd_context_below_040.npz
nd_context,below_055,from_below,0.55,0.1927046,0.3523979367095607,0.015869273230470334,0.3535628132522106,0.3528748079932935,0.21428571428571427,0.0035714285714285713,0.350372,0.216406,0.005782244898452769,0.0021202857142857134,True,True,True,True,True,results/gate3_attractor_Ur5.5_nd_context_below_055.npz
nd_context,below_070,from_below,0.7,0.2452604,0.3524272553522544,0.015831604377573787,0.3534531965851784,0.3529237892159979,0.21428571428571427,0.0035714285714285713,0.350372,0.216406,0.005865923510595511,0.0021202857142857134,True,True,True,True,True,results/gate3_attractor_Ur5.5_nd_context_below_070.npz
nd_context,above_130,from_above,1.3,0.4554836,0.3524381254011209,0.0157719488636371,0.35368163138628006,0.35295089766896803,0.21428571428571427,0.0035714285714285713,0.350372,0.216406,0.005896947818663844,0.0021202857142857134,True,True,True,True,True,results/gate3_attractor_Ur5.5_nd_context_above_130.npz
nd_context,above_150,from_above,1.5,0.525558,0.3524420107865998,0.015868778125171967,0.353497676551342,0.35293508165971227,0.21428571428571427,0.0035714285714285713,0.350372,0.216406,0.0059080371336744835,0.0021202857142857134,True,True,True,True,True,results/gate3_attractor_Ur5.5_nd_context_above_150.npz
