Ur,CL_amp_CFD,CL_amp_GRU,ar_r2
3.0,1.1430997,1.1405425,0.999634861946106
4.0,0.8436898,0.6601976,0.9334315061569214
4.2,0.5460769,0.54107475,0.982688307762146
4.4,0.38018054,0.38687694,0.9949845671653748
4.6,0.2640162,0.27128792,0.9985970258712769
4.8,0.17534639,0.18273285,0.9970670342445374
5.0,0.10529807,0.110830285,0.9921404719352722
5.2,0.049541973,0.053991124,0.9766664505004883
5.4,0.07871422,0.08351958,0.9875767230987549
5.6,0.1039533,0.10334046,0.9964168667793274
5.8,0.11962046,0.11425601,0.9975526332855225
6.0,0.12802339,0.12068862,0.9976434111595154
6.5,0.12996307,0.12857619,0.9933943152427673
7.0,0.12929401,0.1351583,0.9751006364822388
8.0,0.18013406,0.20693797,0.9235848188400269
9.0,0.22675198,0.21788973,0.9954771399497986
