case,rows,start_time,end_time,vel_std,acc_std
Ur3.0,19999,0.02,399.98,0.112586685,0.14644831
Ur4.0,19999,0.02,399.98,0.5011623,0.7108571
Ur4.2,19999,0.02,399.98,0.48613343,0.6779434
Ur4.4,19999,0.02,399.98,0.46813563,0.63450265
Ur4.6,19999,0.02,399.98,0.4491976,0.59106064
Ur4.8,19999,0.02,399.98,0.42984632,0.5495085
Ur5.0,19999,0.02,399.98,0.41058168,0.50952345
Ur5.2,19999,0.02,399.98,0.39154908,0.47218412
Ur5.4,19999,0.02,399.98,0.37265497,0.43807164
Ur5.6,19999,0.02,399.98,0.35433093,0.40599272
Ur5.8,19999,0.02,399.98,0.33670503,0.3749951
Ur6.0,19999,0.02,399.98,0.31789613,0.34434
Ur6.5,19999,0.02,399.98,0.26604775,0.27047488
Ur7.0,19999,0.02,399.98,0.21029042,0.20265752
Ur8.0,19999,0.02,399.98,0.09319294,0.09469839
Ur9.0,19999,0.02,399.98,0.08159494,0.08548559
